dataset_name;projection_name;n_components;trustworthiness;continuity;shepard_correlation;normalized_stress
AirQuality;AE;2;0.98247550;0.99492987;0.92077243;5.56779345
AirQuality;AE;3;0.99578271;0.99765039;0.87927055;4.29659181
AirQuality;DM;2;0.93925453;0.98710172;0.94674411;0.25062762
AirQuality;DM;3;0.93927067;0.98704115;0.94694997;0.24808482
AirQuality;F-ICA;2;0.94081036;0.99207183;0.97109171;0.95802845
AirQuality;F-ICA;3;0.95751392;0.99160052;0.93948357;0.94836101
AirQuality;FA;2;0.72535650;0.93214142;0.51261542;1.69263860
AirQuality;FA;3;0.89303717;0.98290563;0.77093396;2.68892028
AirQuality;G-RP;2;0.88311222;0.97828863;0.87154216;0.12057036
AirQuality;G-RP;3;0.93474948;0.99098930;0.90158767;0.09082280
AirQuality;H-LLE;2;0.88541701;0.96562056;0.80570363;0.98525821
AirQuality;H-LLE;3;0.93316717;0.97193658;0.80845800;0.98214002
AirQuality;I-PCA;2;0.94094099;0.99197848;0.97080899;0.04960183
AirQuality;I-PCA;3;0.95224527;0.99387350;0.97094606;0.01738593
AirQuality;ISO;2;0.92277502;0.98872141;0.02565712;0.57370918
AirQuality;ISO;3;0.94186551;0.99200077;0.05377893;0.53545936
AirQuality;K-PCA-P;2;0.94128381;0.99117437;0.96769216;0.20028520
AirQuality;K-PCA-P;3;0.95675462;0.99402911;0.96842312;0.15963980
AirQuality;K-PCA-R;2;0.94031419;0.99229047;0.96782687;0.47673755
AirQuality;K-PCA-R;3;0.95447437;0.99309999;0.96718527;0.43109788
AirQuality;K-PCA-S;2;0.94166259;0.99254753;0.96621737;0.77850229
AirQuality;K-PCA-S;3;0.96348993;0.99384729;0.96748195;0.76075506
AirQuality;L-LTSA;2;0.64297477;0.88596834;0.12691006;0.99678669
AirQuality;L-LTSA;3;0.68474177;0.91644394;0.02462609;0.99056427
AirQuality;L-MDS;2;0.94142460;0.99208714;0.97064106;0.05051136
AirQuality;L-MDS;3;0.96136084;0.99413369;0.97049362;0.01755701
AirQuality;LE;2;0.93206998;0.97449764;0.69429216;0.99877453
AirQuality;LE;3;0.95240881;0.99050788;0.68522258;0.99846215
AirQuality;LLE;2;0.91391233;0.94966086;0.74133510;0.96510970
AirQuality;LLE;3;0.91582332;0.95119871;0.70248667;0.95884804
AirQuality;LPP;2;0.85653905;0.94262532;0.84528260;0.99720531
AirQuality;LPP;3;0.88440117;0.96481172;0.89600590;0.99681074
AirQuality;LTSA;2;0.55587629;0.58443220;-0.01976538;0.99573397
AirQuality;LTSA;3;0.52610946;0.52290831;-0.05265443;0.99332709
AirQuality;M-LLE;2;0.78672175;0.92122229;0.77562165;0.98929367
AirQuality;M-LLE;3;0.82333185;0.94519600;0.79399964;0.98425141
AirQuality;MDS;2;0.96462450;0.98621326;0.98237352;0.01266501
AirQuality;MDS;3;0.99033477;0.99209819;0.99286892;0.00361889
AirQuality;N-MDS;2;0.51636638;0.50423211;-0.01160655;0.46226563
AirQuality;N-MDS;3;0.51999834;0.50335776;-0.01213086;0.41980153
AirQuality;NMF;2;0.93555839;0.99095619;0.96717828;0.89109155
AirQuality;NMF;3;0.94486035;0.98314609;0.76476546;0.82443815
AirQuality;PCA;2;0.94080419;0.99208358;0.97113638;0.05085911
AirQuality;PCA;3;0.95811422;0.99405648;0.97100800;0.01728369
AirQuality;S-PCA;2;0.94002293;0.99165970;0.96962938;0.05803385
AirQuality;S-PCA;3;0.95379254;0.99408865;0.96571148;0.02303419
AirQuality;S-RP;2;0.91049231;0.98811757;0.87171531;0.14743423
AirQuality;S-RP;3;0.96135913;0.99502367;0.90436342;0.13590958
AirQuality;SPE;2;0.95263951;0.97398535;0.97671752;0.30437918
AirQuality;SPE;3;0.98446262;0.99246958;0.99201262;0.29788203
AirQuality;T-SVD;2;0.93791737;0.99134996;0.96835409;0.06745630
AirQuality;T-SVD;3;0.95311647;0.99411736;0.96989252;0.01830108
AirQuality;TSNE;2;0.99895422;0.99618122;0.59555964;2496.01205618
AirQuality;TSNE;3;0.99937115;0.99652761;0.52571572;2428.72031843
AirQuality;UMAP;2;0.99393333;0.99562837;0.78312131;224.40699005
AirQuality;UMAP;3;0.99737558;0.99792160;0.84102760;166.24865464
CityPollution;AE;2;0.96203501;0.97284716;0.69475328;16.75993295
CityPollution;AE;3;0.98154129;0.98234501;0.81055013;2.20246778
CityPollution;F-ICA;2;0.93097095;0.99128115;0.92301846;0.96701184
CityPollution;F-ICA;3;0.97268225;0.99608014;0.88061485;0.95972681
CityPollution;FA;2;0.89487762;0.98534614;0.84972955;4.25780203
CityPollution;FA;3;0.96648720;0.99549145;0.87658453;6.60309187
CityPollution;G-RP;2;0.88753649;0.97761751;0.73589267;0.14240251
CityPollution;G-RP;3;0.92011588;0.98823460;0.75048402;0.11027922
CityPollution;H-LLE;2;0.50430827;0.73407864;0.06085505;0.99893196
CityPollution;H-LLE;3;0.64594008;0.87855107;0.31940452;0.99873250
CityPollution;I-PCA;2;0.93093572;0.99233348;0.95181534;0.03821106
CityPollution;I-PCA;3;0.97294956;0.99764567;0.98176949;0.01438162
CityPollution;ISO;2;0.93483000;0.99270167;0.94518387;0.59322065
CityPollution;ISO;3;0.97579371;0.99729747;0.96491537;0.67675332
CityPollution;K-PCA-P;2;0.93114208;0.99236171;0.95241479;0.23194548
CityPollution;K-PCA-P;3;0.97341572;0.99765830;0.98119272;0.19756075
CityPollution;K-PCA-R;2;0.93065460;0.99232963;0.94923668;0.39358341
CityPollution;K-PCA-R;3;0.97310183;0.99765967;0.98073952;0.36164282
CityPollution;K-PCA-S;2;0.92986892;0.99222372;0.94892192;0.70102563
CityPollution;K-PCA-S;3;0.97233460;0.99762633;0.97937779;0.68373906
CityPollution;L-LTSA;2;0.57427378;0.93693984;0.06872779;0.98606968
CityPollution;L-LTSA;3;0.79545182;0.98597155;0.55581102;0.97275383
CityPollution;L-MDS;2;0.93061961;0.99231387;0.95149025;0.03836357
CityPollution;L-MDS;3;0.97279097;0.99764017;0.98169028;0.01442026
CityPollution;LLE;2;0.84200354;0.93801837;0.46483624;0.98187483
CityPollution;LLE;3;0.90821502;0.94913747;0.49901600;0.97765124
CityPollution;LPP;2;0.86233221;0.98318079;0.79598999;0.99742769
CityPollution;LPP;3;0.90251944;0.99376969;0.81553330;0.99677590
CityPollution;LTSA;2;0.73255412;0.90344335;0.47790617;0.99678648
CityPollution;LTSA;3;0.69493022;0.77858517;0.18910108;0.99547681
CityPollution;M-LLE;2;0.93460637;0.97703928;0.79975781;0.97589381
CityPollution;M-LLE;3;0.83868926;0.88806314;0.34990652;0.99783660
CityPollution;NMF;2;0.85980332;0.98569728;0.82425705;0.84024507
CityPollution;NMF;3;0.95496531;0.99508809;0.88768912;0.80659188
CityPollution;NPE;2;0.82109549;0.98290401;0.77743605;0.98458015
CityPollution;NPE;3;0.90586321;0.99327427;0.81920506;0.98283522
CityPollution;PCA;2;0.93095898;0.99232401;0.95164997;0.03827156
CityPollution;PCA;3;0.97297933;0.99765759;0.98178170;0.01436252
CityPollution;S-PCA;2;0.92985971;0.99226365;0.95060510;0.04099296
CityPollution;S-PCA;3;0.97214206;0.99747790;0.97848189;0.01825816
CityPollution;S-RP;2;0.84872592;0.98336098;0.78725069;0.17585200
CityPollution;S-RP;3;0.92890752;0.99168418;0.85343440;0.08042797
CityPollution;T-SVD;2;0.86054836;0.98764032;0.84451076;0.11212456
CityPollution;T-SVD;3;0.95853860;0.99712715;0.95852247;0.02675047
CityPollution;TSNE;2;0.99804228;0.98806253;0.84937728;3789.54261471
CityPollution;TSNE;3;0.99927761;0.99245687;0.83715653;4056.93753390
CityPollution;UMAP;2;0.97059721;0.99359653;0.88706274;120.33352797
CityPollution;UMAP;3;0.99096424;0.99706469;0.89345028;84.96993620
Concrete;AE;2;0.98485053;0.97570216;0.45555862;19.56058413
Concrete;AE;3;0.99164379;0.98912915;0.61802482;13.61327420
Concrete;DM;2;0.91048075;0.97954958;0.74496854;0.78699586
Concrete;DM;3;0.97943689;0.99139688;0.82356357;0.76740302
Concrete;F-ICA;2;0.94059880;0.98218195;0.72822271;0.87266466
Concrete;F-ICA;3;0.97774857;0.99169034;0.83661931;0.84080862
Concrete;FA;2;0.87246614;0.95746571;0.51876777;1.83053470
Concrete;FA;3;0.94409343;0.98186877;0.73593895;3.15649603
Concrete;G-RP;2;0.87425463;0.96578191;0.48391157;0.24822474
Concrete;G-RP;3;0.90887847;0.98003087;0.54817112;0.17333929
Concrete;H-LLE;2;0.90204832;0.97038011;0.37725935;0.95617921
Concrete;H-LLE;3;0.94188096;0.95161733;0.44880697;0.93059907
Concrete;I-PCA;2;0.89361861;0.98125368;0.73477138;0.16563829
Concrete;I-PCA;3;0.97162076;0.99288035;0.86475802;0.06810772
Concrete;ISO;2;0.88675730;0.98333222;0.38372921;4.19626044
Concrete;ISO;3;0.90983341;0.98693519;0.29213385;5.09148392
Concrete;K-PCA-P;2;0.93893799;0.98369033;0.74411895;0.29788578
Concrete;K-PCA-P;3;0.97785610;0.99271484;0.86599035;0.20162446
Concrete;K-PCA-R;2;0.94146147;0.98355503;0.73021550;0.46883677
Concrete;K-PCA-R;3;0.97802420;0.99234258;0.84933415;0.38671753
Concrete;K-PCA-S;2;0.94234673;0.98375552;0.74164660;0.73882177
Concrete;K-PCA-S;3;0.97747908;0.99239798;0.85872381;0.69400122
Concrete;L-LTSA;2;0.76415648;0.92460423;0.34410255;0.91366271
Concrete;L-LTSA;3;0.86798866;0.96614178;0.47493574;0.88124298
Concrete;L-MDS;2;0.93939083;0.98561207;0.76668679;0.14271722
Concrete;L-MDS;3;0.97873496;0.99252796;0.85246859;0.06476345
Concrete;LE;2;0.93108116;0.97434813;0.51559567;0.98781647
Concrete;LE;3;0.94752245;0.98156565;0.52851200;0.98452293
Concrete;LLE;2;0.96071058;0.96538419;0.13437326;0.90752857
Concrete;LLE;3;0.97351119;0.97354522;0.26340152;0.87476240
Concrete;LPP;2;0.90827141;0.96336500;0.62326015;0.98224841
Concrete;LPP;3;0.94214039;0.98528840;0.73467046;0.97853066
Concrete;LTSA;2;0.74498495;0.64389063;0.22628327;0.97901581
Concrete;LTSA;3;0.70652172;0.63330901;0.11191007;0.96770558
Concrete;M-LLE;2;0.97462961;0.97409198;0.22047977;0.93417438
Concrete;M-LLE;3;0.86843224;0.87919992;0.04678198;0.88518434
Concrete;MDS;2;0.95560713;0.95763762;0.84950778;0.06142326
Concrete;MDS;3;0.98547705;0.99238627;0.93480218;0.02005558
Concrete;N-MDS;2;0.50566490;0.50807120;-0.01422404;0.27962640
Concrete;N-MDS;3;0.50416293;0.50230108;-0.02270049;0.22732521
Concrete;NMF;2;0.88404694;0.96350519;0.57687876;0.73690637
Concrete;NMF;3;0.95706487;0.98116698;0.70530058;0.65921809
Concrete;NPE;2;0.77128688;0.88019053;0.41535864;0.93197479
Concrete;NPE;3;0.83457892;0.93780841;0.50840522;0.91128327
Concrete;PCA;2;0.94026846;0.98382372;0.74361334;0.14784780
Concrete;PCA;3;0.97783541;0.99256947;0.86278521;0.06143552
Concrete;S-PCA;2;0.95440391;0.97786250;0.71361490;0.16534176
Concrete;S-PCA;3;0.97201085;0.98950727;0.81183485;0.07866679
Concrete;S-RP;2;0.87526416;0.95804881;0.58916662;0.16281809
Concrete;S-RP;3;0.92206482;0.98076273;0.57806932;0.13736858
Concrete;SPE;2;0.88103455;0.93487428;0.82065668;0.13280824
Concrete;SPE;3;0.96585132;0.98430922;0.91547193;0.09517115
Concrete;T-SVD;2;0.89370817;0.97368582;0.64406848;0.29115437
Concrete;T-SVD;3;0.95551457;0.98754742;0.75207527;0.14028735
Concrete;TSNE;2;0.99790649;0.99468653;0.56258847;1232.81291395
Concrete;TSNE;3;0.99824758;0.99692622;0.50875286;1221.84346662
Concrete;UMAP;2;0.99525261;0.99439281;0.52269208;165.10865386
Concrete;UMAP;3;0.99590308;0.99607377;0.53705280;178.97656923
Defaultcc;AE;2;0.96765664;0.97312634;0.50142392;27.22921094
Defaultcc;AE;3;0.98941559;0.98666233;0.48820352;10.03340583
Defaultcc;F-ICA;2;0.89178397;0.97214788;0.82569776;0.97642657
Defaultcc;F-ICA;3;0.93719754;0.99269384;0.81025054;0.97076984
Defaultcc;FA;2;0.65998186;0.95016078;0.34727035;1.94607087
Defaultcc;FA;3;0.66758997;0.93014754;0.32086166;3.31373070
Defaultcc;G-RP;2;0.83018227;0.97540709;0.80674341;0.13893598
Defaultcc;G-RP;3;0.90989207;0.99055340;0.86025978;0.05743132
Defaultcc;H-LLE;2;0.80442524;0.93963694;0.72467689;0.99562418
Defaultcc;H-LLE;3;0.91128624;0.97636635;0.73357091;0.99581778
Defaultcc;I-PCA;2;0.89783280;0.97356287;0.88716054;0.08903640
Defaultcc;I-PCA;3;0.94606461;0.99290391;0.93650145;0.03825600
Defaultcc;ISO;2;0.88375130;0.97089512;0.17330631;1.46576264
Defaultcc;ISO;3;0.92691408;0.98987909;0.20322291;1.83002584
Defaultcc;K-PCA-P;2;0.90375016;0.97504587;0.89269084;0.48637870
Defaultcc;K-PCA-P;3;0.94830272;0.99300013;0.93863681;0.44518455
Defaultcc;K-PCA-R;2;0.89179119;0.97397720;0.88087500;0.59415686
Defaultcc;K-PCA-R;3;0.94807437;0.99291935;0.93184511;0.56017318
Defaultcc;K-PCA-S;2;0.88714472;0.97548857;0.88155927;0.80421923
Defaultcc;K-PCA-S;3;0.95322570;0.99297445;0.93073823;0.78700629
Defaultcc;L-LTSA;2;0.55046498;0.71306111;0.08969711;0.99324024
Defaultcc;L-LTSA;3;0.57292654;0.71779878;0.08459650;0.99182029
Defaultcc;L-MDS;2;0.88898836;0.97348363;0.88787211;0.08953953
Defaultcc;L-MDS;3;0.94332068;0.99285988;0.93600057;0.03842487
Defaultcc;LLE;2;0.86123985;0.94493461;0.12390093;0.99034335
Defaultcc;LLE;3;0.91599974;0.94955507;0.14595310;0.98737550
Defaultcc;LPP;2;0.85401783;0.87188047;0.83714206;0.99737158
Defaultcc;LPP;3;0.86158650;0.94364825;0.84707223;0.99725425
Defaultcc;LTSA;2;0.78541006;0.70060544;0.05196174;0.99918850
Defaultcc;LTSA;3;0.78203769;0.60168220;0.01781868;0.99904176
Defaultcc;M-LLE;2;0.88527879;0.97845297;0.77194651;0.98691069
Defaultcc;M-LLE;3;0.94213337;0.95214114;0.68232667;0.99880694
Defaultcc;NMF;2;0.88257266;0.96995671;0.81890598;0.82893505
Defaultcc;NMF;3;0.92137701;0.98935513;0.87620405;0.85684609
Defaultcc;NPE;2;0.86856955;0.97372734;0.79412855;0.98752786
Defaultcc;NPE;3;0.92816639;0.97336794;0.83362510;0.98375368
Defaultcc;PCA;2;0.89308191;0.97373895;0.88780452;0.08926092
Defaultcc;PCA;3;0.94528885;0.99286474;0.93574629;0.03846057
Defaultcc;S-PCA;2;0.90361790;0.97301056;0.88721499;0.09279749
Defaultcc;S-PCA;3;0.94025292;0.99241760;0.93358417;0.04133848
Defaultcc;S-RP;2;0.93955014;0.98175674;0.78757687;0.26160618
Defaultcc;S-RP;3;0.94662111;0.98847534;0.80541355;0.10092322
Defaultcc;T-SVD;2;0.88646353;0.97293131;0.85379428;0.11842714
Defaultcc;T-SVD;3;0.90934845;0.99099391;0.91381988;0.05771885
Defaultcc;TSNE;2;0.99771055;0.99454994;0.46791161;2453.26624182
Defaultcc;TSNE;3;0.99874452;0.99583166;0.48203013;2406.53145086
Defaultcc;UMAP;2;0.98892488;0.99666167;0.68426833;175.91633774
Defaultcc;UMAP;3;0.99522296;0.99766139;0.69757462;142.66020312
Reuters;AE;2;0.93257608;0.88722376;0.60704125;84.41363846
Reuters;AE;3;0.94513064;0.92167340;0.56930941;93.86549377
Reuters;DM;2;0.80341616;0.81443697;0.69967312;0.90889524
Reuters;DM;3;0.82915645;0.81864396;0.69411918;0.90862389
Reuters;F-ICA;2;0.80447106;0.83773286;0.68616425;0.97310283
Reuters;F-ICA;3;0.84769046;0.87261341;0.58656922;0.96547551
Reuters;FA;2;0.82062351;0.88889710;0.56588989;0.56496054
Reuters;FA;3;0.84809498;0.89839071;0.60502454;1.10727794
Reuters;G-RP;2;0.54036576;0.69671366;0.04047721;0.22139863
Reuters;G-RP;3;0.55679373;0.73582302;0.06041502;0.15472837
Reuters;H-LLE;2;0.64698107;0.77826171;0.33989213;0.99270596
Reuters;H-LLE;3;0.66488009;0.81435857;0.23233325;0.98885895
Reuters;I-PCA;2;0.80474752;0.83689706;0.71519380;0.48829090
Reuters;I-PCA;3;0.84251974;0.85385878;0.68505570;0.45693816
Reuters;ISO;2;0.82654057;0.84690697;0.55488961;1.75248717
Reuters;ISO;3;0.85023504;0.85955096;0.53217643;2.04749020
Reuters;K-PCA-P;2;0.80471181;0.83692042;0.71624944;0.96328965
Reuters;K-PCA-P;3;0.84796936;0.86608630;0.69009026;0.96010863
Reuters;K-PCA-R;2;0.80471178;0.83692038;0.71624942;0.96998072
Reuters;K-PCA-R;3;0.84796934;0.86608620;0.69009021;0.96737694
Reuters;K-PCA-S;2;0.80469021;0.83694708;0.71634112;0.98615263
Reuters;K-PCA-S;3;0.84777011;0.86644364;0.69035480;0.98494538
Reuters;L-LTSA;2;0.81479521;0.84157165;0.61080302;0.97580235
Reuters;L-LTSA;3;0.83599824;0.84722870;0.63300595;0.96863761
Reuters;L-MDS;2;0.80498568;0.83581265;0.71525556;0.49020220
Reuters;L-MDS;3;0.84118458;0.85817603;0.69164666;0.44945166
Reuters;LE;2;0.85341961;0.89500134;0.67876755;0.99910092
Reuters;LE;3;0.87680919;0.91112489;0.62568475;0.99870780
Reuters;LLE;2;0.87045433;0.92241445;0.50549393;0.97915860
Reuters;LLE;3;0.89570101;0.92777792;0.49474886;0.97587301
Reuters;LPP;2;0.73013912;0.73490469;0.60829091;0.99578793
Reuters;LPP;3;0.72171782;0.73685537;0.59846376;0.99525684
Reuters;LTSA;2;0.66473850;0.54863478;0.10835528;0.99850729
Reuters;LTSA;3;0.61575534;0.49441764;-0.00981380;0.99739061
Reuters;M-LLE;2;0.75125412;0.85420298;0.45357917;0.99902884
Reuters;M-LLE;3;0.74444790;0.85530411;0.56693158;0.99862709
Reuters;MDS;2;0.81439421;0.78290148;0.68964207;0.14390418
Reuters;MDS;3;0.80315904;0.77036768;0.61098440;0.08783231
Reuters;N-MDS;2;0.53598751;0.51845785;-0.00184167;0.33859313
Reuters;N-MDS;3;0.54396166;0.51236647;-0.00003252;0.29551291
Reuters;NMF;2;0.78710804;0.81014904;0.71593954;0.89072003
Reuters;NMF;3;0.81077970;0.82551576;0.69741550;0.86794514
Reuters;NPE;2;0.80613152;0.83264727;0.71848541;0.97446054
Reuters;NPE;3;0.84132748;0.83558331;0.71117839;0.97297997
Reuters;PCA;2;0.80465851;0.83693492;0.71630148;0.48776311
Reuters;PCA;3;0.84783429;0.86629688;0.69024693;0.44862581
Reuters;S-PCA;2;0.79810370;0.82909528;0.68794215;0.52536688
Reuters;S-PCA;3;0.81505648;0.84131064;0.65459401;0.49878858
Reuters;S-RP;2;0.66490139;0.70493162;0.08874642;0.28445509
Reuters;S-RP;3;0.66195293;0.72124301;0.02678841;0.21576570
Reuters;SPE;2;0.65675043;0.64942745;0.39341700;0.16533749
Reuters;SPE;3;0.70958648;0.68913124;0.45241507;0.09984947
Reuters;T-SVD;2;0.79623233;0.81686419;0.72572667;0.51189672
Reuters;T-SVD;3;0.82821468;0.83428594;0.72678658;0.46198914
Reuters;TSNE;2;0.97374768;0.96553776;0.60891160;806.15777723
Reuters;TSNE;3;0.97993033;0.97198658;0.61294781;1081.83252817
Reuters;UMAP;2;0.94128115;0.96868092;0.70415968;81.68330214
Reuters;UMAP;3;0.95892552;0.97058768;0.72758826;48.36915382
Software;AE;2;0.97553992;0.97861187;0.44924546;15.20906394
Software;AE;3;0.99220233;0.98588591;0.59085265;6.50111748
Software;DM;2;0.89005892;0.96582332;0.86016980;0.80978373
Software;DM;3;0.93846840;0.96935328;0.86646108;0.80745164
Software;F-ICA;2;0.88489069;0.98358401;0.89403610;0.93323825
Software;F-ICA;3;0.96187580;0.99328761;0.91450584;0.91732188
Software;FA;2;0.81502619;0.95610658;0.71499757;3.81538616
Software;FA;3;0.90619248;0.98209718;0.76873367;6.57879351
Software;G-RP;2;0.65227172;0.93602688;0.48271088;0.21488324
Software;G-RP;3;0.84596992;0.97123247;0.64870641;0.14487304
Software;H-LLE;2;0.65103083;0.79349427;0.49133511;0.99442418
Software;H-LLE;3;0.81478482;0.93656241;0.73719763;0.99114074
Software;I-PCA;2;0.88242754;0.98329085;0.90534766;0.08185963
Software;I-PCA;3;0.96224974;0.99420254;0.95605727;0.03082055
Software;ISO;2;0.88666236;0.98103844;0.76392853;5.93512202
Software;ISO;3;0.96007859;0.99255264;0.80221767;6.28303968
Software;K-PCA-P;2;0.88034712;0.98197853;0.88936803;0.26994851
Software;K-PCA-P;3;0.96157793;0.99404040;0.94104559;0.21080717
Software;K-PCA-R;2;0.88372730;0.98234429;0.89687091;0.48572732
Software;K-PCA-R;3;0.96231120;0.99420063;0.95392747;0.43230995
Software;K-PCA-S;2;0.88945730;0.98202475;0.89071962;0.78189803
Software;K-PCA-S;3;0.96155882;0.99405226;0.95252876;0.75373443
Software;L-LTSA;2;0.60499329;0.76260942;0.24629311;0.96511314
Software;L-LTSA;3;0.62421668;0.85120092;0.33219854;0.94407823
Software;L-MDS;2;0.88169945;0.98235653;0.89810944;0.08379767
Software;L-MDS;3;0.96208651;0.99426147;0.95575756;0.03105925
Software;LE;2;0.89002543;0.97615912;0.67547071;0.99743020
Software;LE;3;0.95064246;0.98445793;0.68020753;0.99682982
Software;LLE;2;0.83699305;0.95466544;0.55504501;0.97393830
Software;LLE;3;0.81861126;0.95433276;0.42220593;0.94538948
Software;LPP;2;0.79382137;0.92325479;0.80031812;0.99605668
Software;LPP;3;0.82426572;0.95021546;0.80170119;0.99557315
Software;LTSA;2;0.82930590;0.90413876;0.58647206;0.99160572
Software;LTSA;3;0.76439803;0.82629078;0.51402536;0.98608208
Software;M-LLE;2;0.87895492;0.95629927;0.52359868;0.96010182
Software;M-LLE;3;0.86779416;0.95069340;0.59434054;0.93066108
Software;MDS;2;0.90180062;0.95494872;0.94322648;0.03332345
Software;MDS;3;0.97089758;0.99343610;0.97875882;0.00905445
Software;N-MDS;2;0.49982494;0.50008752;0.00940941;0.34803761
Software;N-MDS;3;0.50039281;0.50019908;-0.00088591;0.29257418
Software;NMF;2;0.82472909;0.95537444;0.79345447;0.76809972
Software;NMF;3;0.92461302;0.98136837;0.86697329;0.70610802
Software;NPE;2;0.77905186;0.94748291;0.66420286;0.98851680
Software;NPE;3;0.85403190;0.96548331;0.79076736;0.97888466
Software;PCA;2;0.88473051;0.98234105;0.89816323;0.08313017
Software;PCA;3;0.96214574;0.99421464;0.95623137;0.03072608
Software;S-PCA;2;0.88688869;0.98017008;0.89339898;0.08903545
Software;S-PCA;3;0.96230609;0.99407193;0.94884448;0.03395993
Software;S-RP;2;0.81361831;0.95017911;0.67485691;0.19614720
Software;S-RP;3;0.84830743;0.96340845;0.69425365;0.23033601
Software;SPE;2;0.89660965;0.95764438;0.93110406;0.21869556
Software;SPE;3;0.96363396;0.98947872;0.97264083;0.20073060
Software;T-SVD;2;0.82793377;0.96834897;0.83609522;0.14360829
Software;T-SVD;3;0.92403115;0.99063367;0.91867570;0.05781764
Software;TSNE;2;0.99617620;0.98958396;0.61273265;3162.50484577
Software;TSNE;3;0.99772135;0.99162961;0.58755428;4151.27731003
Software;UMAP;2;0.97737129;0.99184151;0.57976239;299.72056314
Software;UMAP;3;0.99118887;0.99387451;0.63464982;259.35379129
Wine;AE;2;0.94371787;0.96219587;0.67180331;1.91895140
Wine;AE;3;0.97883139;0.97893738;0.76721102;1.78154624
Wine;DM;2;0.86639102;0.97276735;0.80498004;0.96407777
Wine;DM;3;0.94782093;0.98655382;0.85279722;0.96255994
Wine;F-ICA;2;0.86714063;0.97461566;0.83845358;0.90371874
Wine;F-ICA;3;0.94701091;0.99070753;0.92275048;0.88002341
Wine;FA;2;0.82095310;0.95541864;0.70312474;9.58339654
Wine;FA;3;0.88937235;0.97488358;0.76466116;15.85853913
Wine;G-RP;2;0.71232630;0.93404679;0.45078693;0.22939050
Wine;G-RP;3;0.86172207;0.96963177;0.61172515;0.12472705
Wine;H-LLE;2;0.53919613;0.74275455;0.21049100;0.98627038
Wine;H-LLE;3;0.68411626;0.87271220;0.38865538;0.98134063
Wine;I-PCA;2;0.83175787;0.97478697;0.72847627;0.16550140
Wine;I-PCA;3;0.94954524;0.99179855;0.92955280;0.04960249
Wine;ISO;2;0.87233133;0.97814995;0.79538421;0.86008327
Wine;ISO;3;0.94798813;0.98982397;0.85719070;1.09988904
Wine;K-PCA-P;2;0.86412602;0.97474494;0.84174460;0.37666835
Wine;K-PCA-P;3;0.94732725;0.99135931;0.93488652;0.29609065
Wine;K-PCA-R;2;0.86759206;0.97484023;0.83527672;0.49579518
Wine;K-PCA-R;3;0.94671959;0.99138658;0.93241771;0.42538856
Wine;K-PCA-S;2;0.86857919;0.97479789;0.83486918;0.75176649
Wine;K-PCA-S;3;0.94742086;0.99136095;0.93280490;0.71332737
Wine;L-LTSA;2;0.65385525;0.88655389;0.26238061;0.94162747
Wine;L-LTSA;3;0.72389783;0.93774528;0.35489520;0.91969156
Wine;L-MDS;2;0.86864408;0.97502134;0.83604537;0.12237656
Wine;L-MDS;3;0.94623727;0.99120195;0.93315981;0.04851021
Wine;LE;2;0.88138315;0.96629140;0.71916208;0.99623323
Wine;LE;3;0.92779644;0.96955297;0.63172342;0.99535145
Wine;LLE;2;0.79338015;0.89140068;0.19173139;0.97468400
Wine;LLE;3;0.85745785;0.89340866;0.13572799;0.96109551
Wine;LPP;2;0.81713258;0.96712064;0.63535144;0.99190727
Wine;LPP;3;0.88567079;0.98491953;0.76532460;0.98995900
Wine;LTSA;2;0.61656787;0.56949584;-0.12176048;0.99620902
Wine;LTSA;3;0.64863701;0.57663482;-0.15284408;0.99364765
Wine;M-LLE;2;0.75057678;0.89547206;0.38425206;0.99401571
Wine;M-LLE;3;0.79008238;0.90370626;0.39087779;0.99307727
Wine;MDS;2;0.87612031;0.92366426;0.85294023;0.06350108
Wine;MDS;3;0.95834570;0.99027110;0.96122924;0.01518317
Wine;N-MDS;2;0.52401124;0.51614149;0.07031761;0.54777140
Wine;N-MDS;3;0.53292509;0.51777037;0.07226954;0.48199672
Wine;NMF;2;0.77000651;0.95786994;0.57662370;0.77771160
Wine;NMF;3;0.91231072;0.98495607;0.83928646;0.66296741
Wine;NPE;2;0.76820742;0.95136669;0.49892837;0.96711859
Wine;NPE;3;0.86509653;0.98169720;0.70285565;0.94622144
Wine;PCA;2;0.86732600;0.97478961;0.83832671;0.12167977
Wine;PCA;3;0.94776154;0.99137018;0.93419886;0.04781447
Wine;S-PCA;2;0.86679426;0.97490007;0.81817539;0.13626812
Wine;S-PCA;3;0.94729985;0.99131633;0.92278699;0.05412730
Wine;S-RP;2;0.70453171;0.84983036;0.41260395;0.35902133
Wine;S-RP;3;0.79079458;0.94042851;0.57048508;0.16652036
Wine;SPE;2;0.84482488;0.93347716;0.85944264;0.11752405
Wine;SPE;3;0.94734971;0.98294822;0.94718221;0.08219643
Wine;T-SVD;2;0.77067608;0.96419103;0.60917308;0.23951457
Wine;T-SVD;3;0.91485478;0.98853866;0.87535734;0.08108399
Wine;TSNE;2;0.99461020;0.97878325;0.68154144;8357.62538909
Wine;TSNE;3;0.99655599;0.98564454;0.76056882;8449.01253473
Wine;UMAP;2;0.96884756;0.98501184;0.68121884;233.97050101
Wine;UMAP;3;0.98688249;0.98929437;0.72593377;174.61380829
WisconsinBreastCancer;AE;2;0.90586966;0.95475799;0.78727228;0.53666818
WisconsinBreastCancer;AE;3;0.95773570;0.97675560;0.85603958;0.88795739
WisconsinBreastCancer;DM;2;0.88224326;0.94054706;0.87615705;0.66900747
WisconsinBreastCancer;DM;3;0.89508503;0.92093998;0.86972867;0.42988774
WisconsinBreastCancer;F-ICA;2;0.89130147;0.95576271;0.89707430;0.85930242
WisconsinBreastCancer;F-ICA;3;0.94339203;0.96932573;0.83805742;0.82980707
WisconsinBreastCancer;FA;2;0.88247048;0.94147123;0.87157794;0.71467572
WisconsinBreastCancer;FA;3;0.90521904;0.94367685;0.87273957;1.55512346
WisconsinBreastCancer;G-RP;2;0.84387545;0.93330976;0.81996176;0.32285144
WisconsinBreastCancer;G-RP;3;0.89982470;0.95541310;0.84532573;0.14217865
WisconsinBreastCancer;H-LLE;2;0.53145672;0.69740258;0.16367143;0.97931823
WisconsinBreastCancer;H-LLE;3;0.81181221;0.89217076;0.72347171;0.97628402
WisconsinBreastCancer;I-PCA;2;0.89120563;0.96278629;0.93009374;0.05892917
WisconsinBreastCancer;I-PCA;3;0.92937727;0.97798889;0.95408310;0.03515960
WisconsinBreastCancer;ISO;2;0.88960609;0.95544145;0.88819209;0.47355334
WisconsinBreastCancer;ISO;3;0.94102804;0.97330006;0.91366667;0.52918935
WisconsinBreastCancer;K-PCA-P;2;0.89081914;0.96240969;0.92963133;0.49750121
WisconsinBreastCancer;K-PCA-P;3;0.94489529;0.98197267;0.95583335;0.47335836
WisconsinBreastCancer;K-PCA-R;2;0.89123038;0.96280968;0.92730425;0.63559385
WisconsinBreastCancer;K-PCA-R;3;0.94808312;0.98367614;0.95445365;0.61497756
WisconsinBreastCancer;K-PCA-S;2;0.89109315;0.96295366;0.92490775;0.83421734
WisconsinBreastCancer;K-PCA-S;3;0.94958097;0.98378818;0.94987763;0.82384463
WisconsinBreastCancer;L-LTSA;2;0.55739716;0.61723706;0.07338311;0.95997892
WisconsinBreastCancer;L-LTSA;3;0.56799597;0.70656878;0.14674397;0.91436904
WisconsinBreastCancer;L-MDS;2;0.89125693;0.96157774;0.92412794;0.06416287
WisconsinBreastCancer;L-MDS;3;0.94709460;0.98307952;0.94912042;0.03618004
WisconsinBreastCancer;LE;2;0.87144648;0.92753476;0.73991386;0.98081304
WisconsinBreastCancer;LE;3;0.89064996;0.95054384;0.66263949;0.97645276
WisconsinBreastCancer;LLE;2;0.82005468;0.89735453;0.54073815;0.87513826
WisconsinBreastCancer;LLE;3;0.86362966;0.91163295;0.59570272;0.84283399
WisconsinBreastCancer;LPP;2;0.80884755;0.85141196;0.65397969;0.98490274
WisconsinBreastCancer;LPP;3;0.80006020;0.87057584;0.69338361;0.98033150
WisconsinBreastCancer;LTSA;2;0.68120471;0.78401891;0.33194111;0.96741391
WisconsinBreastCancer;LTSA;3;0.70347768;0.73916160;0.38209191;0.94976462
WisconsinBreastCancer;M-LLE;2;0.85847738;0.90432591;0.79875636;0.88921836
WisconsinBreastCancer;M-LLE;3;0.88754986;0.92028262;0.68088561;0.83796109
WisconsinBreastCancer;MDS;2;0.89583598;0.94243096;0.94178244;0.02926857
WisconsinBreastCancer;MDS;3;0.96140137;0.98141789;0.97706778;0.00909027
WisconsinBreastCancer;N-MDS;2;0.50183981;0.48608018;-0.01336746;0.37717901
WisconsinBreastCancer;N-MDS;3;0.49991316;0.50386499;-0.01653518;0.33414618
WisconsinBreastCancer;NMF;2;0.87977264;0.94946938;0.86025572;0.67556698
WisconsinBreastCancer;NMF;3;0.93789735;0.97249601;0.89427001;0.60441399
WisconsinBreastCancer;NPE;2;0.87847681;0.92400138;0.75963309;0.89960882
WisconsinBreastCancer;NPE;3;0.88561917;0.92463040;0.76026623;0.89919885
WisconsinBreastCancer;PCA;2;0.89133837;0.96279484;0.93004469;0.05891768
WisconsinBreastCancer;PCA;3;0.94798188;0.98361900;0.95629928;0.03153457
WisconsinBreastCancer;S-PCA;2;0.89189719;0.95888215;0.92134352;0.08415299
WisconsinBreastCancer;S-PCA;3;0.94397741;0.98062869;0.94469302;0.05247658
WisconsinBreastCancer;S-RP;2;0.75829894;0.89484791;0.67407255;0.16733258
WisconsinBreastCancer;S-RP;3;0.76981472;0.87356210;0.62160560;0.21818499
WisconsinBreastCancer;SPE;2;0.89167672;0.93847463;0.93527664;0.36625434
WisconsinBreastCancer;SPE;3;0.95265722;0.97381029;0.97004400;0.35680176
WisconsinBreastCancer;T-SVD;2;0.88432784;0.95893614;0.90796134;0.08058018
WisconsinBreastCancer;T-SVD;3;0.94074008;0.98152768;0.95321077;0.03779609
WisconsinBreastCancer;TSNE;2;0.96984856;0.95056094;0.74020602;304.25687923
WisconsinBreastCancer;TSNE;3;0.97928067;0.96974327;0.78745026;472.10855984
WisconsinBreastCancer;UMAP;2;0.93768498;0.96306615;0.76254028;6.92825277
WisconsinBreastCancer;UMAP;3;0.95869047;0.97571444;0.78313816;5.74309438
